{
  "K": [
    [
      2002.5610222469145,
      0.0,
      1228.640015139216
    ],
    [
      0.0,
      1997.005282338058,
      949.0580040573207
    ],
    [
      0.0,
      0.0,
      1.0
    ]
  ],
  "dist": [
    0.1906095440543446,
    -0.7541222030068989,
    -0.0028715393082682974,
    -0.005200337281524876,
    1.0617826237198704
  ],
  "width": 2592,
  "height": 1944,
  "rvec": [
    1.0438374211646593,
    2.231132561917339,
    -1.3384724409364506
  ],
  "tvec": [
    -0.028989719750186875,
    -0.17435587076284315,
    4.504111422025817
  ],
  "T_O_W": [
    [
      -0.6739251418163015,
      0.41748304838575667,
      -0.609534910844665,
      2.798666873495109
    ],
    [
      0.7342986545818516,
      0.2875719102302601,
      -0.6149047750065061,
      2.8410265835894175
    ],
    [
      -0.08142720127304243,
      -0.8619804526536871,
      -0.5003591811247039,
      2.1010215986713323
    ],
    [
      0.0,
      0.0,
      0.0,
      1.0
    ]
  ],
  "camera_pos_optitrack": [
    2.798666873495109,
    2.8410265835894175,
    2.1010215986713323
  ],
  "method": "drone-click-pnp",
  "board": {
    "dict": "DICT_5X5_1000",
    "squares_x": 7,
    "squares_y": 5,
    "square_len": 0.033,
    "marker_len": 0.025
  },
  "reproj_rms_px": 7.727414900914695,
  "time_offset_sec": 0.7320000000000011
}