{
  "K": [
    [
      2002.5610222469145,
      0.0,
      1228.640015139216
    ],
    [
      0.0,
      1997.005282338058,
      949.0580040573207
    ],
    [
      0.0,
      0.0,
      1.0
    ]
  ],
  "dist": [
    0.1906095440543446,
    -0.7541222030068989,
    -0.0028715393082682974,
    -0.005200337281524876,
    1.0617826237198704
  ],
  "width": 2592,
  "height": 1944,
  "rvec": [
    1.0593187840806921,
    2.248871014702219,
    -1.4060428898065391
  ],
  "tvec": [
    0.16370536270309557,
    -0.0833071693749901,
    4.495761213766649
  ],
  "T_O_W": [
    [
      -0.6899036634527922,
      0.43358935427101775,
      -0.5796837129135667,
      2.755181584000236
    ],
    [
      0.7110205394960701,
      0.2554846151401662,
      -0.6551163284802162,
      2.850132404885198
    ],
    [
      -0.13595119554139182,
      -0.8641341812991332,
      -0.48455070853455895,
      2.128691648704636
    ],
    [
      0.0,
      0.0,
      0.0,
      1.0
    ]
  ],
  "camera_pos_optitrack": [
    2.755181584000236,
    2.850132404885198,
    2.128691648704636
  ],
  "method": "drone-click-pnp",
  "board": {
    "dict": "DICT_5X5_1000",
    "squares_x": 7,
    "squares_y": 5,
    "square_len": 0.033,
    "marker_len": 0.025
  },
  "camera": "cam1",
  "_note": "Both cameras moved -> pose (rvec/tvec/T_O_W) here is a STALE seed only. K/dist are the APC930 intrinsics (cam1 exact; cam2 reuses same-model, refine if overlay is off). calib_click uses this as the initial guess; the drone-click result replaces it.",
  "reproj_rms_px": 6.1222568517712705,
  "time_offset_sec": 0.4160000000000008
}