{
  "K": [
    [
      2002.5610222469145,
      0.0,
      1228.640015139216
    ],
    [
      0.0,
      1997.005282338058,
      949.0580040573207
    ],
    [
      0.0,
      0.0,
      1.0
    ]
  ],
  "dist": [
    0.1906095440543446,
    -0.7541222030068989,
    -0.0028715393082682974,
    -0.005200337281524876,
    1.0617826237198704
  ],
  "width": 2592,
  "height": 1944,
  "rvec": [
    2.0324070654926394,
    1.1405858268744,
    -0.33186806388460005
  ],
  "tvec": [
    0.42803895174823947,
    -0.9192488480398632,
    4.287641335720417
  ],
  "T_O_W": [
    [
      0.5657055469944107,
      0.6135729143575539,
      -0.5509133442443848,
      2.6840010125601865
    ],
    [
      0.8133602605661412,
      -0.3052217101639926,
      0.49526234883781184,
      -2.7522318976944
    ],
    [
      0.13572884966554832,
      -0.7282636791790082,
      -0.6717214400010777,
      2.152547829550851
    ],
    [
      0.0,
      0.0,
      0.0,
      1.0
    ]
  ],
  "camera_pos_optitrack": [
    2.6840010125601865,
    -2.7522318976944,
    2.152547829550851
  ],
  "method": "drone-click-pnp",
  "board": {
    "dict": "DICT_5X5_1000",
    "squares_x": 7,
    "squares_y": 5,
    "square_len": 0.033,
    "marker_len": 0.025
  },
  "camera": "cam2",
  "_note": "Both cameras moved -> pose (rvec/tvec/T_O_W) here is a STALE seed only. K/dist are the APC930 intrinsics (cam1 exact; cam2 reuses same-model, refine if overlay is off). calib_click uses this as the initial guess; the drone-click result replaces it.",
  "reproj_rms_px": 6.137561477276242,
  "time_offset_sec": 0.44200000000000084
}