{
  "K": [
    [
      2002.5610222469145,
      0.0,
      1228.640015139216
    ],
    [
      0.0,
      1997.005282338058,
      949.0580040573207
    ],
    [
      0.0,
      0.0,
      1.0
    ]
  ],
  "dist": [
    0.1906095440543446,
    -0.7541222030068989,
    -0.0028715393082682974,
    -0.005200337281524876,
    1.0617826237198704
  ],
  "width": 2592,
  "height": 1944,
  "rvec": [
    1.015582329678815,
    2.289396462134121,
    -1.3137323680668975
  ],
  "tvec": [
    0.05066585786579501,
    -0.2845160159931276,
    4.561600080706687
  ],
  "T_O_W": [
    [
      -0.6996742104773609,
      0.4239970135430376,
      -0.5750500253886321,
      2.7792317774098234
    ],
    [
      0.7104174237813666,
      0.32734920638311243,
      -0.6230165174922677,
      2.899094380294269
    ],
    [
      -0.07591497336314795,
      -0.8444341475727587,
      -0.5302526635787329,
      2.182391850790032
    ],
    [
      0.0,
      0.0,
      0.0,
      1.0
    ]
  ],
  "camera_pos_optitrack": [
    2.7792317774098234,
    2.899094380294269,
    2.182391850790032
  ],
  "method": "marker-dualcam",
  "board": {
    "dict": "DICT_5X5_1000",
    "squares_x": 7,
    "squares_y": 5,
    "square_len": 0.033,
    "marker_len": 0.025
  }
}